In_Out,Filename_ID,Video_Length (s),Count_Cars,Avg_Angle,Avg_Speed_Px_Per_Second,Estimated_Lanes_In,Estimated_Lanes_Out,Cars_per_Second,Cars_per_Lane_In_per_Second,Cars_per_Lane_Out_per_Second,Avg_Cars_per_Lane_per_Second
In,1,3.3,4,-105.68169861423151,202.77087651091372,2.503521026706008,3.2049228628469777,1.2121212121212122,0.48416657946590247,0.3782060486299717,0.43118631404793706
Out,1,3.3,4,-124.52825125527917,624.9663564183957,2.503521026706008,3.2049228628469777,1.2121212121212122,0.48416657946590247,0.3782060486299717,0.43118631404793706
