Vehicle_ID,In_Out,Filename_ID,Frame_Number_0_index,Frames_Seen,Frames_Since_Last_Detection_Event,Time_of_Detection (s),Time_Seen (s),Time_Since_Last_Detection_Event (s),Vehicle_Type,Angle,Angle_Degrees,Speed_Px_Per_Frame,Speed_Px_Per_Second,Event_Center_X,Event_Center_Y
1,Out,1,4,4,4,0.4,0.3,0.4,car,[   -0.59348    -0.80485],-126.40408856307904,61.50203248673982,615.0203248673982,295.5,639.0
4,In,1,5,5,5,0.5,0.4,0.5,car,[   -0.15799    -0.98744],-99.09027692082232,12.658988901172163,126.58988901172164,555.0,194.0
3,Out,1,18,18,18,1.8,1.7,1.8,car,[   -0.62378     -0.7816],-128.59255971746683,66.53006839016476,665.3006839016475,320.0,955.0
5,In,1,18,18,18,1.8,1.7,1.8,car,[   -0.21693    -0.97619],-102.52880770915151,13.82931668593933,138.2931668593933,564.0,202.0
28,In,1,18,5,5,1.8,0.4,0.5,car,[   -0.72919    -0.68431],-136.81830296445185,44.5701693961331,445.70169396133105,1615.0,636.0
4,Out,1,21,21,16,2.1,2.0,1.6,car,[    -0.5906    -0.80696],-126.1998021236195,85.5058477532385,855.058477532385,265.0,692.0
28,Out,1,27,14,9,2.7,1.3,0.9,car,[   -0.45269    -0.89167],-116.91655461695134,36.44859393721519,364.48593937215196,1357.5,990.5
6,In,1,30,30,30,3.0,2.9,3.0,car,[   0.099504    -0.99504],-84.28940686250037,10.04987562112089,100.4987562112089,650.0,193.0
